{
  "project_info": {
    "project_number": "970328419328",
    "project_id": "bazapodataka-a36d6",
    "storage_bucket": "bazapodataka-a36d6.appspot.com"
  },
  "client": [
    {
      "client_info": {
        "mobilesdk_app_id": "1:970328419328:android:fe8ffa0f7576c811057ce5",
        "android_client_info": {
          "package_name": "com.example.bazepodataka"
        }
      },
      "oauth_client": [],
      "api_key": [
        {
          "current_key": "AIzaSyAIhS6Cfzm8Wnig1gBzei_gV_hzSY2cyt0"
        }
      ],
      "services": {
        "appinvite_service": {
          "other_platform_oauth_client": []
        }
      }
    }
  ],
  "configuration_version": "1"
}